{
 "vhat|0": [
  0.0015495985203112163,
  7.459878688678137e-05,
  0.2576869527498881,
  0.014382883906364441
 ],
 "vhat|1": [
  0.0037315373153736196,
  0.0001585543621331453,
  0.23599096139272055,
  0.006866388022899628
 ],
 "muon|0": [
  0.000700903150330608,
  0.00019503791991155596,
  0.37345125277837116,
  0.005969807505607605
 ],
 "muon|1": [
  0.0030101037118583918,
  5.793338641524315e-05,
  0.4436166485150655,
  0.007792547345161438
 ],
 "spec|0": [
  0.003467853103453914,
  0.0002714426256716252,
  0.4192560116449992,
  0.006620079278945923
 ],
 "spec|1": [
  0.00882952610651652,
  0.00046001290902495436,
  0.4401199519634247,
  0.0051328688859939575
 ]
}