{
 "0|0.003": [
  0.93886665503184,
  0.0006999969482421875
 ],
 "0|0.005": [
  0.9317666490872701,
  0.003600001335144043
 ],
 "0|0.007": [
  0.9307000041007996,
  0.0028499960899353027
 ],
 "0|0.01": [
  0.9309999942779541,
  0.001650005578994751
 ],
 "0|0.015": [
  0.9324333469072977,
  0.0010499954223632812
 ],
 "0|0.02": [
  0.9295666615168253,
  0.0018999874591827393
 ],
 "0|0.03": [
  0.9314999977747599,
  0.0016499757766723633
 ],
 "0|0.05": [
  0.9268333315849304,
  0.004450023174285889
 ],
 "1|0.003": [
  0.9655666748682658,
  0.000849992036819458
 ],
 "1|0.005": [
  0.9542999863624573,
  0.0023999810218811035
 ],
 "1|0.007": [
  0.9470999836921692,
  0.0027000010013580322
 ],
 "1|0.01": [
  0.938100000222524,
  0.0031000077724456787
 ],
 "1|0.015": [
  0.9154000083605448,
  0.002400010824203491
 ],
 "1|0.02": [
  0.8747666676839193,
  0.013099998235702515
 ],
 "1|0.03": [
  0.7088666756947836,
  0.06600001454353333
 ],
 "1|0.05": [
  0.2920000006755193,
  0.05370000749826431
 ]
}