{
 "muon|0.0|0.0": [
  0.9486000140508016,
  0.0006999969482421875,
  0.0,
  0.4999690701564153
 ],
 "muon|0.0|100.0": [
  0.9380333423614502,
  0.001149982213973999,
  0.0,
  0.5013927767674128
 ],
 "muon|0.0|250.0": [
  0.9238333304723104,
  0.0010499954223632812,
  0.0,
  0.5073878566424052
 ],
 "muon|0.0|500.0": [
  0.9072999954223633,
  0.00034999847412109375,
  0.0,
  0.5203060358762741
 ],
 "muon|0.0|1000.0": [
  0.8814666668574015,
  0.002400010824203491,
  0.0,
  0.5477156440416971
 ],
 "muon|0.0|1500.0": [
  0.8609999815622965,
  0.0023500025272369385,
  0.0,
  0.563538392384847
 ],
 "muon|0.1|0.0": [
  0.946066657702128,
  0.001100003719329834,
  0.11828610549370448,
  0.4213434308767319
 ],
 "muon|0.1|100.0": [
  0.9356000026067098,
  0.002200007438659668,
  0.1074955016374588,
  0.4324614852666855
 ],
 "muon|0.1|250.0": [
  0.9217666586240133,
  0.000800013542175293,
  0.101833110054334,
  0.44638051092624664
 ],
 "muon|0.1|500.0": [
  0.9052666823069254,
  0.0023500025272369385,
  0.09671333928902943,
  0.4725707620382309
 ],
 "muon|0.1|1000.0": [
  0.8802000085512797,
  0.005250006914138794,
  0.09753711273272832,
  0.5176175783077875
 ],
 "muon|0.1|1500.0": [
  0.8608666658401489,
  0.005849987268447876,
  0.09663742780685425,
  0.5458654512961706
 ],
 "muon|0.3|0.0": [
  0.9285333355267843,
  0.001999974250793457,
  0.14821800092856088,
  0.45238875846068066
 ],
 "muon|0.3|100.0": [
  0.9199666778246561,
  0.002249985933303833,
  0.12146429717540741,
  0.44065166016419727
 ],
 "muon|0.3|250.0": [
  0.9075333476066589,
  0.0026499927043914795,
  0.11152594288190205,
  0.4381938974062602
 ],
 "muon|0.3|500.0": [
  0.8910333315531412,
  0.0025999844074249268,
  0.10714861005544662,
  0.44165079792340595
 ],
 "muon|0.3|1000.0": [
  0.8669333457946777,
  0.005549997091293335,
  0.10209224621454875,
  0.4759367108345032
 ],
 "muon|0.3|1500.0": [
  0.8517666657765707,
  0.0073499977588653564,
  0.10094830890496571,
  0.5033345023790995
 ],
 "muon|0.45|0.0": [
  0.9064000050226847,
  0.005250006914138794,
  0.18085488180319467,
  0.483565092086792
 ],
 "muon|0.45|100.0": [
  0.9071333408355713,
  0.004200011491775513,
  0.1326076239347458,
  0.46731852491696674
 ],
 "muon|0.45|250.0": [
  0.8964666525522867,
  0.004399985074996948,
  0.12056826800107956,
  0.460018386443456
 ],
 "muon|0.45|500.0": [
  0.8806333343187968,
  0.0034500062465667725,
  0.1125020980834961,
  0.46174700061480206
 ],
 "muon|0.45|1000.0": [
  0.8575666546821594,
  0.003300011157989502,
  0.10752269874016444,
  0.48814991613229114
 ],
 "muon|0.45|1500.0": [
  0.8394666711489359,
  0.005949974060058594,
  0.10742056121428807,
  0.5059047639369965
 ],
 "vhat|0.0|500.0": [
  0.9183333516120911,
  0.0006000101566314697,
  0.0,
  0.5048208882411321
 ],
 "vhat|0.0|1000.0": [
  0.9066666762034098,
  0.0015500187873840332,
  0.0,
  0.5104934374491373
 ],
 "vhat|0.0|1500.0": [
  0.901366670926412,
  0.0018500089645385742,
  0.0,
  0.5245760629574457
 ],
 "vhat|0.1|500.0": [
  0.9153333306312561,
  0.0025500059127807617,
  0.10837269326051076,
  0.4703381359577179
 ],
 "vhat|0.1|1000.0": [
  0.903333326180776,
  0.002400010824203491,
  0.09820906569560368,
  0.4673938701550166
 ],
 "vhat|0.1|1500.0": [
  0.8978333274523417,
  0.002750009298324585,
  0.09740778307120006,
  0.4766913056373596
 ],
 "vhat|0.3|500.0": [
  0.9062666495641073,
  0.0023500025272369385,
  0.11757241934537888,
  0.4420620898405711
 ],
 "vhat|0.3|1000.0": [
  0.8946666717529297,
  0.0022999942302703857,
  0.10630673170089722,
  0.4225008587042491
 ],
 "vhat|0.3|1500.0": [
  0.8884666562080383,
  0.003300011157989502,
  0.103557455042998,
  0.42197508613268536
 ],
 "vhat|0.45|500.0": [
  0.8949000040690104,
  0.005300015211105347,
  0.1270883853236834,
  0.46007739504178363
 ],
 "vhat|0.45|1000.0": [
  0.885533332824707,
  0.005450010299682617,
  0.11532374719778697,
  0.43974650899569195
 ],
 "vhat|0.45|1500.0": [
  0.8811666568120321,
  0.004200011491775513,
  0.11170207212368648,
  0.44098000228405
 ]
}