{
 "static": {
  "0.0_commit": [
   0.934550017118454,
   0.0,
   0.0
  ],
  "0.0_track": [
   0.934550017118454,
   0.0,
   0.0
  ],
  "0.1_commit": [
   0.9262500107288361,
   0.2528044804930687,
   89.34842307520367
  ],
  "0.1_track": [
   0.9245499968528748,
   0.3214743584394455,
   6.944700446210021
  ],
  "0.3_commit": [
   0.9025499820709229,
   0.2293514460325241,
   291.48214521565603
  ],
  "0.3_track": [
   0.8944999873638153,
   0.3282970190048218,
   26.487105769813255
  ]
 },
 "flip": {
  "commit": [
   0.9242999851703644,
   0.1340382993221283,
   0.0
  ],
  "track": [
   0.9288000166416168,
   0.12211054563522339,
   42.43978878155178
  ]
 }
}