{
 "0.0|1": [
  0.9458333452542623,
  0.0007000267505645752,
  0.0,
  0.3910287406255481,
  0.04389240965247154
 ],
 "0.0|4": [
  0.9479666550954183,
  0.0027000010013580322,
  0.0,
  0.3580157861193662,
  0.14294872184594473
 ],
 "0.0|16": [
  0.9485333363215128,
  0.001149982213973999,
  0.0,
  0.3543796179996383,
  0.4660909175872803
 ],
 "0.0|64": [
  0.9472666581471761,
  0.0006999969482421875,
  0.0,
  0.2583413466390583,
  1.3364786704381306
 ],
 "0.3|1": [
  0.8020666639010111,
  0.009250015020370483,
  0.7253564596176147,
  0.2962992060809366,
  0.16433157523473105
 ],
 "0.3|4": [
  0.8252333402633667,
  0.0067999958992004395,
  0.6408863067626953,
  0.2820052817944558,
  0.31122785806655884
 ],
 "0.3|16": [
  0.8667999903361002,
  0.006850004196166992,
  0.4824347297350566,
  0.24571940226039737,
  0.47887567679087323
 ],
 "0.3|64": [
  0.9128999908765157,
  0.003949999809265137,
  0.31495482722918194,
  0.16577568445054272,
  0.520684132973353
 ]
}