{
 "rho0_commit": [
  0.934550017118454,
  0.0,
  0.0,
  0.0
 ],
 "rho0_reprobe": [
  0.934550017118454,
  0.0,
  0.0,
  0.0
 ],
 "rho10_commit": [
  0.9263999760150909,
  0.25400640815496445,
  88.88791800055876,
  0.0
 ],
 "rho10_reprobe": [
  0.9263999760150909,
  0.25400640815496445,
  88.88791800055876,
  0.0
 ],
 "rho30_commit": [
  0.9025000035762787,
  0.2305801883339882,
  286.9546347152889,
  0.0
 ],
 "rho30_reprobe": [
  0.9025000035762787,
  0.2305801883339882,
  286.9546347152889,
  0.0
 ],
 "flip_commit": [
  0.9242999851703644,
  0.1340382993221283,
  0.0,
  0.0
 ],
 "flip_reprobe": [
  0.9275999963283539,
  0.12211189791560173,
  115.49988802129224,
  1.0
 ]
}