{
 "iso": [
  0.867900013923645,
  0.00694999098777771,
  0.4624360005060832
 ],
 "sigma_g": [
  0.87199999888738,
  0.00845000147819519,
  0.4607006311416626
 ],
 "vicinal": [
  0.8913666605949402,
  0.0062499940395355225,
  0.3858102262020111
 ],
 "mixup": [
  0.9252333442370096,
  0.0035499930381774902,
  0.25830161571502686
 ],
 "smallbatch": [
  0.8955666621526083,
  0.0027000010013580322,
  0.22557993729909262
 ]
}