{
 "rank|prens|0": [
  0.0005858372217820337,
  6.868883792776614e-05,
  0.3727249304453532
 ],
 "rank|prens|1": [
  0.0029748205561190844,
  5.19284512847662e-05,
  0.4335544506708781
 ],
 "mnist|0.0|0.0": [
  0.9445666670799255,
  0.002249985933303833,
  0.0
 ],
 "mnist|0.0|100.0": [
  0.9338333209355673,
  0.001399993896484375,
  0.0
 ],
 "mnist|0.1|0.0": [
  0.9401333133379618,
  0.00020000338554382324,
  0.11427125583092372
 ],
 "mnist|0.1|100.0": [
  0.9307000041007996,
  0.0018999874591827393,
  0.10421446214119594
 ],
 "mnist|0.3|0.0": [
  0.9257333278656006,
  0.0014500021934509277,
  0.1407987674077352
 ],
 "mnist|0.3|100.0": [
  0.9183666706085205,
  0.0012499988079071045,
  0.11788341403007507
 ],
 "mnist|0.45|0.0": [
  0.9087666670481364,
  0.0049000084400177,
  0.16813387473424277
 ],
 "mnist|0.45|100.0": [
  0.9083333214124044,
  0.0038499832153320312,
  0.12808389713366827
 ]
}