{
 "adamw|0.0|0": [
  0.9348666667938232,
  0.0012499988079071045,
  0.0
 ],
 "concord_vhat|0.0|0": [
  0.9468333522478739,
  0.0031499862670898438,
  0.0
 ],
 "concord_muon|0.0|0": [
  0.9474666714668274,
  0.001949995756149292,
  0.0
 ],
 "muon_native|0.0|0": [
  0.9552666743596395,
  0.0006999969482421875,
  0.0
 ],
 "adamw|0.0|1": [
  0.9660333196322123,
  0.0017499923706054688,
  0.0
 ],
 "concord_vhat|0.0|1": [
  0.9643333355585734,
  0.0025500059127807617,
  0.0
 ],
 "concord_muon|0.0|1": [
  0.9757999976476034,
  0.0010000169277191162,
  0.0
 ],
 "muon_native|0.0|1": [
  0.9745999773343405,
  0.001949995756149292,
  0.0
 ],
 "adamw|0.3|0": [
  0.811733345190684,
  0.014400005340576172,
  0.8609968225161234
 ],
 "concord_vhat|0.3|0": null,
 "concord_muon|0.3|0": [
  0.7885666489601135,
  0.011799991130828857,
  0.7076467871665955
 ],
 "muon_native|0.3|0": [
  0.7717000047365824,
  0.003850013017654419,
  1.0
 ],
 "adamw|0.3|1": [
  0.9506000081698099,
  0.0010499954223632812,
  0.11159433672825496
 ],
 "concord_vhat|0.3|1": null,
 "concord_muon|0.3|1": [
  0.9619333346684774,
  0.0014999806880950928,
  0.10528012365102768
 ],
 "muon_native|0.3|1": [
  0.8688666820526123,
  0.009299993515014648,
  0.2896322508653005
 ]
}