{
 "kbox": 400.0,
 "static": {
  "0.0": {
   "oracle": [
    0.9361500144004822,
    0.0,
    0.0,
    0.0
   ],
   "table": [
    0.9358000159263611,
    0.0,
    0.0,
    0.0
   ],
   "servo": [
    0.9361500144004822,
    0.0,
    0.0,
    0.0
   ],
   "trend": [
    0.9359999895095825,
    0.0,
    5.354775111904736,
    10.18583724840338
   ]
  },
  "0.1": {
   "oracle": [
    0.9268999993801117,
    0.203125,
    100.0,
    100.0
   ],
   "table": [
    0.9249500036239624,
    0.37612180411815643,
    0.0,
    0.0
   ],
   "servo": [
    0.9234499931335449,
    0.4255609065294266,
    0.0,
    0.0
   ],
   "trend": [
    0.9238499999046326,
    0.4243589788675308,
    2.398568619959412,
    4.314979218513414
   ]
  },
  "0.3": {
   "oracle": [
    0.9097500145435333,
    0.12463471293449402,
    400.0,
    400.0
   ],
   "table": [
    0.8919499814510345,
    0.3542681336402893,
    0.9352143802478644,
    0.0
   ],
   "servo": [
    0.8803499937057495,
    0.4321097135543823,
    0.0,
    0.0
   ],
   "trend": [
    0.8801999986171722,
    0.4321097135543823,
    0.8580674713396055,
    1.8816024443855948
   ]
  }
 },
 "flip": {
  "commit": [
   0.9240500032901764,
   0.1340355947613716,
   0.0,
   0.0
  ],
  "table": [
   0.9306999742984772,
   0.11882241442799568,
   72.52394768060442,
   6.750913891320115
  ],
  "servo": [
   0.9256500005722046,
   0.12827764451503754,
   17.19442076278395,
   19.081421657707367
  ],
  "trend": [
   0.9243499934673309,
   0.1336250826716423,
   2.2011481814204727,
   2.0046515369638085
  ]
 }
}