{
 "clean_gated": [
  0.97543332974116,
  0.0009999871253967285
 ],
 "gated": [
  0.9587999979654948,
  0.0022999942302703857,
  0.11169922600189845
 ],
 "long_window": [
  0.9606666763623556,
  0.0036500096321105957,
  0.10939890642960866
 ],
 "gateless": [
  0.9625666538874308,
  0.0006000101566314697,
  0.10666800041993459
 ],
 "full_stack": [
  0.9610000054041544,
  0.003600001335144043,
  0.10543053100506465
 ]
}