{
 "1|0.0|0.0": [
  0.9241333405176798,
  0.0008500218391418457,
  0.0,
  0.508595829208692
 ],
 "1|0.0|100.0": [
  0.9141000111897787,
  0.0018999874591827393,
  0.0,
  0.5145513862371445
 ],
 "1|0.1|0.0": [
  0.9200999935468038,
  0.0018000006675720215,
  0.11263776322205861,
  0.48531893889109295
 ],
 "1|0.1|100.0": [
  0.909333328406016,
  0.0011999905109405518,
  0.10263439267873764,
  0.4861498326063156
 ],
 "1|0.3|0.0": [
  0.9054666757583618,
  0.004149973392486572,
  0.12201004475355148,
  0.4861676096916199
 ],
 "1|0.3|100.0": [
  0.8978666663169861,
  0.004799991846084595,
  0.10982841004927953,
  0.48137202858924866
 ],
 "1|0.45|0.0": [
  0.8888333241144816,
  0.0049000084400177,
  0.13222370545069376,
  0.4933721472819646
 ],
 "1|0.45|100.0": [
  0.8854333360989889,
  0.006550014019012451,
  0.11921759943167369,
  0.49342530965805054
 ],
 "2|0.0|0.0": [
  0.8828333417574564,
  0.0031000077724456787,
  0.0,
  0.49071218570073444
 ],
 "2|0.0|100.0": [
  0.8726999958356222,
  0.0045500099658966064,
  0.0,
  0.5039339363574982
 ],
 "2|0.1|0.0": [
  0.8747333288192749,
  0.0028499960899353027,
  0.09332546095053355,
  0.4753347982962926
 ],
 "2|0.1|100.0": [
  0.8633666634559631,
  0.004449993371963501,
  0.09154858191808064,
  0.48877375821272534
 ],
 "2|0.3|0.0": [
  0.856499989827474,
  0.008050024509429932,
  0.10286923746267955,
  0.46926312148571014
 ],
 "2|0.3|100.0": [
  0.8426666657129923,
  0.0098000168800354,
  0.10092776517073314,
  0.4857676426569621
 ],
 "2|0.45|0.0": [
  0.8404333194096884,
  0.0045500099658966064,
  0.11023494104544322,
  0.4658842881520589
 ],
 "2|0.45|100.0": [
  0.8245333433151245,
  0.0029999911785125732,
  0.10716401537259419,
  0.4848008950551351
 ]
}