{
 "0|0.003": [
  0.9588666558265686,
  0.000599980354309082
 ],
 "0|0.005": [
  0.9601666529973348,
  0.0004999935626983643
 ],
 "0|0.007": [
  0.9611000021298727,
  0.0007999837398529053
 ],
 "0|0.01": [
  0.9607333342234293,
  0.0004500150680541992
 ],
 "0|0.015": [
  0.9557333191235861,
  0.001650005578994751
 ],
 "0|0.02": [
  0.9544999996821085,
  0.0007500052452087402
 ],
 "0|0.03": [
  0.9538333415985107,
  0.0017499923706054688
 ],
 "0|0.05": [
  0.9527333378791809,
  0.0017499923706054688
 ],
 "1|0.003": [
  0.9730333288510641,
  0.0013000071048736572
 ],
 "1|0.005": [
  0.9736666679382324,
  0.0016499757766723633
 ],
 "1|0.007": [
  0.9742666880289713,
  0.001100003719329834
 ],
 "1|0.01": [
  0.9750666618347168,
  0.0009500086307525635
 ],
 "1|0.015": [
  0.973633348941803,
  0.0011500120162963867
 ],
 "1|0.02": [
  0.9735666712125143,
  0.0017000138759613037
 ],
 "1|0.03": [
  0.9719000061353048,
  0.001650005578994751
 ],
 "1|0.05": [
  0.9651666680971781,
  0.001399993896484375
 ]
}