{
 "p1|ep/25|u|0.0|0.5": [
  0.9496000011761984,
  0.002200007438659668,
  0.9479999939600626,
  0.0,
  0.25976380209128064
 ],
 "p1|ep/25|split|0.0|0.5": [
  0.9506666461626688,
  0.0018000006675720215,
  0.9493333498636881,
  0.0,
  0.2533202941219012
 ],
 "p1|ep/16|split|0.0|0.5": [
  0.9430333177248637,
  0.0022999942302703857,
  0.9421666661898295,
  0.0,
  0.29230956236521405
 ],
 "p1|ep/8|split|0.0|0.5": [
  0.9316333333651224,
  0.003550022840499878,
  0.930733342965444,
  0.0,
  0.3562455028295517
 ],
 "p1|ep/4|split|0.0|0.5": [
  0.9181333184242249,
  0.0026000142097473145,
  0.9182999928792318,
  0.0,
  0.4099436451991399
 ],
 "p1|ep/2.5|split|0.0|0.5": [
  0.9100000063578287,
  0.002549976110458374,
  0.9101999998092651,
  0.0,
  0.44725952049096424
 ],
 "p1|ep/25|u|0.3|0.5": [
  0.9344666798909506,
  0.0033999979496002197,
  0.9314666589101156,
  0.1002340316772461,
  0.19657441725333533
 ],
 "p1|ep/25|split|0.3|0.5": [
  0.9339999953905741,
  0.0034999847412109375,
  0.9311000108718872,
  0.10076383252938588,
  0.1866801157593727
 ],
 "p1|ep/16|split|0.3|0.5": [
  0.9247000217437744,
  0.00415000319480896,
  0.9211333195368449,
  0.1002180849512418,
  0.22298000504573187
 ],
 "p1|ep/8|split|0.3|0.5": [
  0.9076666633288065,
  0.004549980163574219,
  0.9043333331743876,
  0.09829715391000111,
  0.2789148986339569
 ],
 "p1|ep/4|split|0.3|0.5": [
  0.8898000121116638,
  0.005199998617172241,
  0.8860999941825867,
  0.09829606860876083,
  0.3329802006483078
 ],
 "p1|ep/2.5|split|0.3|0.5": [
  0.8777333498001099,
  0.003349989652633667,
  0.8744999965031942,
  0.09910955528418224,
  0.36768734951814014
 ],
 "p2|ep/25|split|0.3|0.0": [
  0.9486333330472311,
  0.0040000081062316895,
  0.9467666745185852,
  0.10854784150918324,
  0.20002318173646927
 ],
 "p2|ep/25|split|0.0|0.0": [
  0.9663333296775818,
  0.0023999810218811035,
  0.9651333093643188,
  0.0,
  0.21098908285299936
 ],
 "p2|ep/25|split|0.3|0.25": [
  0.9443333347638448,
  0.002499997615814209,
  0.9428666631380717,
  0.10075815270344417,
  0.1834613805015882
 ],
 "p2|ep/25|split|0.0|0.25": [
  0.9588666558265686,
  0.0015999972820281982,
  0.9580666621526083,
  0.0,
  0.23463813215494156
 ],
 "p2|ep/25|split|0.3|1.0": [
  0.9126333395640055,
  0.004050016403198242,
  0.9099666674931844,
  0.09806591272354126,
  0.1963701844215393
 ],
 "p2|ep/25|split|0.0|1.0": [
  0.931933323542277,
  0.003600001335144043,
  0.9310666720072428,
  0.0,
  0.26575687279303867
 ]
}