{
 "0.0|0.1": [
  0.9750666618347168,
  0.0013000071048736572,
  0.0,
  0.2788423995176951
 ],
 "0.0|0.25": [
  0.9742333292961121,
  0.0014999806880950928,
  0.0,
  0.27394579102595645
 ],
 "0.0|0.5": [
  0.9737333257993063,
  5.0008296966552734e-05,
  0.0,
  0.2758200764656067
 ],
 "0.0|1.0": [
  0.9720666607220968,
  0.0004499852657318115,
  0.0,
  0.28208833187818527
 ],
 "0.0|2.5": [
  0.9660333395004272,
  0.000849992036819458,
  0.0,
  0.28798064092795056
 ],
 "0.0|4.0": [
  0.9631333351135254,
  0.0012999773025512695,
  0.0,
  0.2791322519381841
 ],
 "0.3|0.1": [
  0.9500333269437155,
  0.00135001540184021,
  0.1154908115665118,
  0.26821570346752804
 ],
 "0.3|0.25": [
  0.9560333490371704,
  0.0018000006675720215,
  0.10718969504038493,
  0.2651042367021243
 ],
 "0.3|0.5": [
  0.9603333473205566,
  0.0009500086307525635,
  0.10664286216100057,
  0.25290463368097943
 ],
 "0.3|1.0": [
  0.9600333372751871,
  0.0017500221729278564,
  0.10331025967995326,
  0.23627053697903952
 ],
 "0.3|2.5": [
  0.9490333398183187,
  0.0017499923706054688,
  0.10108509659767151,
  0.20828407009442648
 ],
 "0.3|4.0": [
  0.9447666605313619,
  0.003049999475479126,
  0.09992412477731705,
  0.20005792876084647
 ]
}