{
 "gated|1|0.0|1.5": [
  0.9692999919255575,
  0.00020000338554382324,
  0.0,
  0.29196880261103314
 ],
 "gated|4|0.0|1.5": [
  0.9663666685422262,
  0.00020000338554382324,
  0.0,
  0.3408682743708293
 ],
 "gated|16|0.0|1.5": [
  0.9596333503723145,
  0.0007500052452087402,
  0.0,
  0.314882551630338
 ],
 "gated|64|0.0|1.5": [
  0.9535333315531412,
  0.0010499954223632812,
  0.0,
  0.1645316779613495
 ],
 "gated|256|0.0|1.5": [
  0.9512666662534078,
  0.0009999871253967285,
  0.0,
  0.07205772337814172
 ],
 "gated|1|0.3|1.5": [
  0.9560333490371704,
  0.0020499825477600098,
  0.10107941925525665,
  0.22253597031037012
 ],
 "gated|4|0.3|1.5": [
  0.9507000048955282,
  0.001399993896484375,
  0.09940000375111897,
  0.2319684475660324
 ],
 "gated|16|0.3|1.5": [
  0.9423666795094808,
  0.0024499893188476562,
  0.09939432889223099,
  0.22463180124759674
 ],
 "gated|64|0.3|1.5": [
  0.9372666676839193,
  0.0027000010013580322,
  0.09940460075934728,
  0.12144959717988968
 ],
 "gated|256|0.3|1.5": [
  0.9348999857902527,
  0.0022500157356262207,
  0.10021240760882695,
  0.0556075107306242
 ],
 "gateless|16|0.0|1.5": [
  0.9512999852498373,
  0.0011500120162963867,
  0.0,
  0.0
 ],
 "gateless|16|0.3|1.5": [
  0.9348333279291788,
  0.0029000043869018555,
  0.09913686166206996,
  0.0
 ],
 "gated|16|0.0|0.0": [
  0.9745999972025553,
  0.0012499988079071045,
  0.0,
  0.284382904569308
 ],
 "gated|16|0.3|0.0": [
  0.9469333489735922,
  0.0004000067710876465,
  0.12023400763670604,
  0.16127351423104605
 ],
 "gated|1|0.0|0.0": [
  0.9745,
  0.0006,
  0.0,
  0.279
 ],
 "gated|1|0.3|0.0": [
  0.9442,
  0.004,
  0.12,
  0.272
 ]
}