{
 "0.0|0.0": [
  0.9366000096003214,
  0.0009000003337860107,
  0.0
 ],
 "0.0|25.0": [
  0.9353333314259847,
  0.000550001859664917,
  0.0
 ],
 "0.0|50.0": [
  0.9345333377520243,
  0.00035002827644348145,
  0.0
 ],
 "0.0|100.0": [
  0.9321666757265726,
  0.00034999847412109375,
  0.0
 ],
 "0.0|200.0": [
  0.9280666708946228,
  0.0012999773025512695,
  0.0
 ],
 "0.0|400.0": [
  0.9211666782697042,
  9.998679161071777e-05,
  0.0
 ],
 "0.1|0.0": [
  0.9241666793823242,
  0.0027000010013580322,
  0.40542060136795044
 ],
 "0.1|25.0": [
  0.9255666534105936,
  0.0022500157356262207,
  0.3130594988663991
 ],
 "0.1|50.0": [
  0.9265333414077759,
  0.002750009298324585,
  0.25212550659974414
 ],
 "0.1|100.0": [
  0.9271666804949442,
  0.002200007438659668,
  0.19521760940551758
 ],
 "0.1|200.0": [
  0.9261666735013326,
  0.0026000142097473145,
  0.14209683239459991
 ],
 "0.1|400.0": [
  0.9187666575113932,
  0.0023999810218811035,
  0.11170715341965358
 ],
 "0.2|0.0": [
  0.90529998143514,
  0.001399993896484375,
  0.4172014792760213
 ],
 "0.2|25.0": [
  0.9092333316802979,
  0.0021499991416931152,
  0.31907786925633747
 ],
 "0.2|50.0": [
  0.9132333397865295,
  0.0040499866008758545,
  0.257408286134402
 ],
 "0.2|100.0": [
  0.9159000118573507,
  0.0026499927043914795,
  0.1938948134581248
 ],
 "0.2|200.0": [
  0.9172000090281168,
  0.0040000081062316895,
  0.14186979830265045
 ],
 "0.2|400.0": [
  0.9131666819254557,
  0.0028499960899353027,
  0.11826927959918976
 ],
 "0.3|0.0": [
  0.8827333251635233,
  0.0037499964237213135,
  0.42783782879511517
 ],
 "0.3|25.0": [
  0.8909666736920675,
  0.0031999945640563965,
  0.34225428104400635
 ],
 "0.3|50.0": [
  0.8966000080108643,
  0.003850013017654419,
  0.2781234582265218
 ],
 "0.3|100.0": [
  0.9036666750907898,
  0.0014500021934509277,
  0.2110635687907537
 ],
 "0.3|200.0": [
  0.9074000120162964,
  0.002249985933303833,
  0.1549218793710073
 ],
 "0.3|400.0": [
  0.9077333410580953,
  0.003049999475479126,
  0.12371000399192174
 ],
 "0.45|0.0": [
  0.8300999800364176,
  0.011500000953674316,
  0.46880435943603516
 ],
 "0.45|25.0": [
  0.8473666707674662,
  0.01245000958442688,
  0.37160513798395794
 ],
 "0.45|50.0": [
  0.8590999841690063,
  0.010399997234344482,
  0.3066226541996002
 ],
 "0.45|100.0": [
  0.875,
  0.009400010108947754,
  0.23161364098389944
 ],
 "0.45|200.0": [
  0.8891999920209249,
  0.006099998950958252,
  0.1704228421052297
 ],
 "0.45|400.0": [
  0.895300010840098,
  0.0048500001430511475,
  0.13254656394322714
 ],
 "0.45|600.0": [
  0.8928666710853577,
  0.00619998574256897,
  0.12372699876626332
 ],
 "0.45|800.0": [
  0.889900008837382,
  0.00550001859664917,
  0.11924646298090617
 ],
 "0.3|800.0": [
  0.8990000089009603,
  0.0029999911785125732,
  0.1071521167953809
 ]
}