{
 "eta_by_rho": {
  "0.0": 0.9956827658142579,
  "0.1": 0.997379783532077,
  "0.2": 0.9981867994082334,
  "0.3": 0.9985500272022049,
  "0.45": 0.9988769268646198
 },
 "map": [
  128618.02291076769,
  -128106.73660213714
 ],
 "autotune": {
  "0.0": [
   0.9344333410263062,
   0.0004999935626983643,
   0.0,
   311.8516835961513
  ],
  "0.1": [
   0.9292666713396708,
   0.0020499825477600098,
   0.18870051701863608,
   213.18696758744753
  ],
  "0.2": [
   0.9182666738828024,
   0.005150020122528076,
   0.1704764167467753,
   153.92169558579948
  ],
  "0.3": [
   0.9080333511034647,
   0.0021499991416931152,
   0.18239203095436096,
   120.18312511964398
  ],
  "0.45": [
   0.8868666489919027,
   0.0067999958992004395,
   0.2007778435945511,
   87.19411264708476
  ]
 }
}