{
 "200.0|0.0": [
  0.9352333347002665,
  0.0014000236988067627
 ],
 "200.0|0.1": [
  0.9258000055948893,
  0.00279998779296875
 ],
 "200.0|0.2": [
  0.9108666578928629,
  0.0022999942302703857
 ],
 "200.0|0.3": [
  0.8932666579882304,
  0.0032500028610229492
 ],
 "200.0|0.45": [
  0.8508666753768921,
  0.010699987411499023
 ],
 "400.0|0.0": [
  0.9347666700681051,
  0.0009000003337860107
 ],
 "400.0|0.1": [
  0.927133321762085,
  0.0020499825477600098
 ],
 "400.0|0.2": [
  0.9136666655540466,
  0.004200011491775513
 ],
 "400.0|0.3": [
  0.8978333274523417,
  0.0026499927043914795
 ],
 "400.0|0.45": [
  0.8627333243687948,
  0.009949982166290283
 ],
 "800.0|0.0": [
  0.9336333274841309,
  0.0001499950885772705
 ],
 "800.0|0.1": [
  0.928933322429657,
  0.0014999806880950928
 ],
 "800.0|0.2": [
  0.9174000024795532,
  0.005150020122528076
 ],
 "800.0|0.3": [
  0.9050000111262003,
  0.0029999911785125732
 ],
 "800.0|0.45": [
  0.8755333423614502,
  0.007449984550476074
 ]
}