{
 "table": [
  [
   0.3865175302951567,
   0.0
  ],
  [
   0.3144563574303863,
   100.0
  ],
  [
   0.28822555593265003,
   200.0
  ],
  [
   0.2738887910080212,
   400.0
  ],
  [
   0.2563569223688495,
   400.0
  ]
 ],
 "results": {
  "0.0": [
   0.9351999958356222,
   0.0004999935626983643,
   2.331224286433231,
   0.0
  ],
  "0.1": [
   0.9271000027656555,
   0.001949995756149292,
   102.75888842661708,
   0.23030251761277518
  ],
  "0.15": [
   0.9210666616757711,
   0.0010000169277191162,
   150.81975365490578,
   0.22739037374655405
  ],
  "0.2": [
   0.9164333343505859,
   0.004500001668930054,
   204.7625715657516,
   0.19690270721912384
  ],
  "0.3": [
   0.9054333368937174,
   0.002400010824203491,
   380.8703769350432,
   0.19084371129671732
  ],
  "0.38": [
   0.8959000110626221,
   0.005050003528594971,
   400.0,
   0.1809669484694799
  ],
  "0.45": [
   0.8798999985059103,
   0.0067999958992004395,
   400.0,
   0.2096642255783081
  ]
 }
}