{
 "0.0": [
  0.9366000096003214,
  0.0010499954223632812,
  2.6536641529688465,
  0.10000000000000002,
  0.0
 ],
 "0.05": [
  0.9311333298683167,
  0.001149982213973999,
  67.49777537871397,
  0.0,
  0.25280460715293884
 ],
 "0.1": [
  0.9272333383560181,
  0.0020500123500823975,
  101.43917389772473,
  0.0,
  0.23195850352446237
 ],
 "0.3": [
  0.9052666624387106,
  0.0021499991416931152,
  380.9397874156817,
  0.0,
  0.19084371129671732
 ]
}