{
 "0.0|0.0": [
  0.9352666735649109,
  0.0004999935626983643,
  2.6536641529688465,
  0.0
 ],
 "0.0|0.05": [
  0.9351999958356222,
  0.0006499886512756348,
  2.5358386806367936,
  0.0
 ],
 "0.0|0.1": [
  0.9367666641871134,
  0.0004499852657318115,
  0.357765095419001,
  0.0
 ],
 "0.0|0.2": [
  0.932699998219808,
  0.0007999837398529053,
  40.94295789152801,
  0.0
 ],
 "0.0|0.4": [
  0.9298333128293356,
  0.0012499988079071045,
  400.0,
  0.0
 ],
 "0.0|0.8": [
  0.9282999833424886,
  0.000550001859664917,
  400.0,
  0.0
 ],
 "0.3|0.0": [
  0.9052666624387106,
  0.0021499991416931152,
  380.9397874156817,
  0.19084371129671732
 ],
 "0.3|0.05": [
  0.900866687297821,
  0.002499997615814209,
  384.08068667542176,
  0.21462959051132202
 ],
 "0.3|0.1": [
  0.8882666627566019,
  0.006000012159347534,
  271.4710690733472,
  0.2860538611809413
 ],
 "0.3|0.2": [
  0.8729666670163473,
  0.009600013494491577,
  388.7193389568829,
  0.3255722125371297
 ],
 "0.3|0.4": [
  0.8431999882062277,
  0.014500021934509277,
  400.0,
  0.3893770674864451
 ],
 "0.3|0.8": [
  0.7954333225886027,
  0.013249993324279785,
  400.0,
  0.4514826536178589
 ]
}