{
 "adamw|0.0": [
  0.9277666807174683,
  0.0015500187873840332,
  0.0
 ],
 "adamw|0.05": [
  0.9214333295822144,
  0.002200007438659668,
  0.18639408548672995
 ],
 "adamw|0.1": [
  0.9197333256403605,
  0.0029000043869018555,
  0.1748819202184677
 ],
 "adamw|0.2": [
  0.9072999755541483,
  0.0029000043869018555,
  0.17445801198482513
 ],
 "adamw|0.3": [
  0.8914999961853027,
  0.0013499855995178223,
  0.19329685966173807
 ],
 "adamw|0.45": [
  0.8624666730562845,
  0.009450018405914307,
  0.22182891269524893
 ],
 "adamw_wd|0.0": [
  0.9275999863942465,
  0.0012499988079071045,
  0.0
 ],
 "adamw_wd|0.05": [
  0.9218666752179464,
  0.002249985933303833,
  0.1848508765300115
 ],
 "adamw_wd|0.1": [
  0.9193999965985616,
  0.002750009298324585,
  0.17493533591429392
 ],
 "adamw_wd|0.2": [
  0.9072333375612894,
  0.0027000010013580322,
  0.17610051234563193
 ],
 "adamw_wd|0.3": [
  0.891866664091746,
  0.001699984073638916,
  0.19300289452075958
 ],
 "adamw_wd|0.45": [
  0.8624333341916403,
  0.007850021123886108,
  0.22246383130550385
 ],
 "concord|0.0": [
  0.9366000096003214,
  0.0010499954223632812,
  0.0
 ],
 "concord|0.05": [
  0.9311333298683167,
  0.001149982213973999,
  0.25280460715293884
 ],
 "concord|0.1": [
  0.9272333383560181,
  0.0020500123500823975,
  0.23195850352446237
 ],
 "concord|0.2": [
  0.9163333376248678,
  0.004449993371963501,
  0.19690270721912384
 ],
 "concord|0.3": [
  0.9052666624387106,
  0.0021499991416931152,
  0.19084371129671732
 ],
 "concord|0.45": [
  0.8798999985059103,
  0.0067999958992004395,
  0.2096642255783081
 ]
}