{
 "post|0.3|0.0": [
  0.9486999909083048,
  0.0004500150680541992,
  0.0
 ],
 "post|0.6|0.0": [
  0.9487666686375936,
  0.0006499886512756348,
  0.0
 ],
 "pre|0.6|0.0": [
  0.9460999965667725,
  0.0011500120162963867,
  0.0
 ],
 "post|0.3|0.3": [
  0.9199333389600118,
  0.002200007438659668,
  0.12229832510153453
 ],
 "post|0.6|0.3": [
  0.9197666645050049,
  0.002499997615814209,
  0.12202031413714091
 ],
 "pre|0.6|0.3": [
  0.9171000123023987,
  0.002750009298324585,
  0.12120224038759868
 ]
}