{
 "vhat|0.001": [
  0.9366000096003214,
  0.0009000003337860107
 ],
 "vhat|0.003": [
  0.9458666642506918,
  0.0014500021934509277
 ],
 "vhat|0.01": [
  0.9467666546503702,
  0.0018500089645385742
 ],
 "vhat|0.03": [
  0.9306333263715109,
  0.003300011157989502
 ],
 "vhat|0.1": [
  0.7804666757583618,
  0.10305002331733704
 ],
 "muon|0.001": [
  0.9484333197275797,
  0.000800013542175293
 ],
 "muon|0.003": [
  0.9588666558265686,
  0.000599980354309082
 ],
 "muon|0.01": [
  0.9607333342234293,
  0.0004500150680541992
 ],
 "muon|0.03": [
  0.9538333415985107,
  0.0017499923706054688
 ],
 "muon|0.1": [
  0.9513666828473409,
  0.003049999475479126
 ]
}