{
 "concord_vhat|0.0": [
  0.9365333517392477,
  0.0009000003337860107,
  0.0
 ],
 "concord_muon|0.0": [
  0.9111000100771586,
  0.006000012159347534,
  0.0
 ],
 "muon_native|0.0": [
  0.9539666771888733,
  0.0010499954223632812,
  0.0
 ],
 "concord_vhat|0.3": [
  0.9077333410580953,
  0.003049999475479126,
  0.12371000399192174
 ],
 "concord_muon|0.3": [
  0.8984666665395101,
  0.0027499794960021973,
  0.13555551071961722
 ],
 "muon_native|0.3": [
  0.823199987411499,
  0.006049990653991699,
  1.0
 ]
}